-- 유저 데이터 --
INSERT INTO user(USER_ID, password, NAME, NICK_NAME, EMAIL, PHONE, SEX, REGISTER_DATE) values('admin', 'admin', '이싸피', '관리자', 'admain@zipsee.com', '010-1111-1111', '남자', now());
INSERT INTO user(USER_ID, password, NAME, NICK_NAME, EMAIL, PHONE, SEX, REGISTER_DATE) values('ssafy', 'ssafy', '김싸피', '내꿈은건물주', 'ssafy@zipsee.com', '010-2222-2222', '여자', now());

-- 관심사 데이터 --
INSERT INTO interest(INTEREST_ID, INTEREST_NAME) VALUES ('MT1', '대형마트'), ('CS2', '편의점'), ('PS3', '유치원'), ('SC4', '학교'), ('AC5', '학원'), ('PK6', '주차장'), ('OL7', '주유소'), ('SW8', '지하철역'), ('BK9', '은행'), ('CT1', '문화시설'), ('PO3', '공공기관'), ('AT4', '관광명소'), ('FD6', '음식점'), ('CE7', '카페'), ('HP8', '병원'), ('PM9', '약국');

-- 유저의 관심사 데이터 --
INSERT INTO user_interest(USER_INTEREST_ID, USER_ID, INTEREST_ID) VALUES (1, 'ssafy', 'CE7'), (2, 'ssafy', 'FD6');

-- 게시글 데이터 --
INSERT INTO board(BOARD_ID, USER_ID, TITLE, CONTENT, REGISTER_DATE) VALUES (1, 'admin', '[공지] 새로 서비스되는 ZIPSEE를 만나보세요', '<p>안녕하세요, ZIPSEE 입니다!</p><p>&nbsp;</p><p>새로 서비스되는 ZIPSEE를 만나보세요</p><p>&nbsp;</p><p>회원가입시 관심 지역을 등록을 하면 메인 페이지에서 매물 추천을 받을 수 있습니다.</p><p>그리고 매물탐색에서는 필터를 이용하여 원하는 조건의 매물을 찾을 수 있습니다.</p><p>&nbsp;</p><p>마음에 드는 매물이 있다면? 하트를 눌러 찜을 해보세요~</p><p>나중에 마이페이지에서 모아볼 수 있습니다.</p>', now());
INSERT INTO board(BOARD_ID, USER_ID, TITLE, CONTENT, REGISTER_DATE) VALUES (2, 'admin', '[공지] 허위 매물에 주의하세요!', '<p>안녕하세요, ZIPSEE 입니다!</p><p>&nbsp;</p><p>ZIPSEE에서는 회원님들께 추천과 검색을 제공함으로써 매물 정보를 드리려고 노력하고 있습니다.&nbsp;</p><p>하지만 <strong>간혹 허위 매물이 있어 직접 계약하러 찾아갔다가 헛걸음을 하는 경우가 발생</strong>하고 있습니다.</p><p>&nbsp;</p><p><strong>허위 매물을 발견한 경우에는 1:1문의 게시판에 글을 남겨 신고하여 주시길 바라겠습니다.</strong></p><p>감사합니다.</p>', now());
INSERT INTO board(BOARD_ID, USER_ID, TITLE, CONTENT, REGISTER_DATE) VALUES (3, 'ssafy', '허위 매물 신고합니다.', '<p>이번에 ZIPSEE에서 매물을 보고 마음에 들어서 직접 보러 갔는데</p><p>알고보니 이미 거래된 매물이더라고요…</p><p>거래 가능한 것처럼 속여서 기분이 안좋았습니다.</p><p>&nbsp;</p><p>서울특별시 강남구 역삼동에 있는 ㅇㅇ오피스텔 5층입니다.</p><p>신고합니다.</p>', now());
INSERT INTO board(BOARD_ID, USER_ID, TITLE, CONTENT, REGISTER_DATE) VALUES (4, 'ssafy', '대전 지역의 더 많은 매물 요청', '<p>이번에 대전에 새로 방을 구할 일이 생겨 ZIPSEE의 서비스를 이용하고 있습니다.</p><p>하지만 대전에 매물이 많이 없어서 아쉽네요..</p><p>&nbsp;</p><p>대전 지역에 더 많은 매물 데이터가 추가되었으면 합니다.</p>', now());

-- 코멘트 데이터 --
INSERT INTO comment(COMMENT_ID, BOARD_ID, CONTENT, REGISTER_DATE) VALUES (1, 3, '<p>안녕하세요, ZIPSEE 입니다:)</p><p>&nbsp;</p><p>허위 매물 때문에 헛걸음을 하셨다니 죄송합니다.</p><p>신고하신 매물에 대해 저희가 조사하여 조치를 취하도록하겠습니다.</p><p>&nbsp;</p><p>저희는 허위 매물 근절을 위해 노력하는 ZIPSEE가 되겠습니다.</p><p>감사합니다.</p>', now());

-- 동 데이터 --
INSERT INTO `dong` VALUES ('1111010100','서울특별시','종로구','청운동'),('1111010200','서울특별시','종로구','신교동'),('1111010300','서울특별시','종로구','궁정동'),('1111010400','서울특별시','종로구','효자동'),('1111010500','서울특별시','종로구','창성동'),('1111010600','서울특별시','종로구','통의동'),('1111010700','서울특별시','종로구','적선동'),('1111010800','서울특별시','종로구','통인동'),('1111010900','서울특별시','종로구','누상동'),('1111011000','서울특별시','종로구','누하동'),('1111011100','서울특별시','종로구','옥인동'),('1111011200','서울특별시','종로구','체부동'),('1111011300','서울특별시','종로구','필운동'),('1111011400','서울특별시','종로구','내자동'),('1111011500','서울특별시','종로구','사직동'),('1111011600','서울특별시','종로구','도렴동'),('1111011700','서울특별시','종로구','당주동'),('1111011800','서울특별시','종로구','내수동'),('1111011900','서울특별시','종로구','세종로'),('1111012000','서울특별시','종로구','신문로1가'),('1111012100','서울특별시','종로구','신문로2가'),('1111012200','서울특별시','종로구','청진동'),('1111012300','서울특별시','종로구','서린동'),('1111012400','서울특별시','종로구','수송동'),('1111012500','서울특별시','종로구','중학동'),('1111012600','서울특별시','종로구','종로1가'),('1111012700','서울특별시','종로구','공평동'),('1111012800','서울특별시','종로구','관훈동'),('1111012900','서울특별시','종로구','견지동'),('1111013000','서울특별시','종로구','와룡동'),('1111013100','서울특별시','종로구','권농동'),('1111013200','서울특별시','종로구','운니동'),('1111013300','서울특별시','종로구','익선동'),('1111013400','서울특별시','종로구','경운동'),('1111013500','서울특별시','종로구','관철동'),('1111013600','서울특별시','종로구','인사동'),('1111013700','서울특별시','종로구','낙원동'),('1111013800','서울특별시','종로구','종로2가'),('1111013900','서울특별시','종로구','팔판동'),('1111014000','서울특별시','종로구','삼청동'),('1111014100','서울특별시','종로구','안국동'),('1111014200','서울특별시','종로구','소격동'),('1111014300','서울특별시','종로구','화동'),('1111014400','서울특별시','종로구','사간동'),('1111014500','서울특별시','종로구','송현동'),('1111014600','서울특별시','종로구','가회동'),('1111014700','서울특별시','종로구','재동'),('1111014800','서울특별시','종로구','계동'),('1111014900','서울특별시','종로구','원서동'),('1111015000','서울특별시','종로구','훈정동'),('1111015100','서울특별시','종로구','묘동'),('1111015200','서울특별시','종로구','봉익동'),('1111015300','서울특별시','종로구','돈의동'),('1111015400','서울특별시','종로구','장사동'),('1111015500','서울특별시','종로구','관수동'),('1111015600','서울특별시','종로구','종로3가'),('1111015700','서울특별시','종로구','인의동'),('1111015800','서울특별시','종로구','예지동'),('1111015900','서울특별시','종로구','원남동'),('1111016000','서울특별시','종로구','연지동'),('1111016100','서울특별시','종로구','종로4가'),('1111016200','서울특별시','종로구','효제동'),('1111016300','서울특별시','종로구','종로5가'),('1111016400','서울특별시','종로구','종로6가'),('1111016500','서울특별시','종로구','이화동'),('1111016600','서울특별시','종로구','연건동'),('1111016700','서울특별시','종로구','충신동'),('1111016800','서울특별시','종로구','동숭동'),('1111016900','서울특별시','종로구','혜화동'),('1111017000','서울특별시','종로구','명륜1가'),('1111017100','서울특별시','종로구','명륜2가'),('1111017200','서울특별시','종로구','명륜4가'),('1111017300','서울특별시','종로구','명륜3가'),('1111017400','서울특별시','종로구','창신동'),('1111017500','서울특별시','종로구','숭인동'),('1111017600','서울특별시','종로구','교남동'),('1111017700','서울특별시','종로구','평동'),('1111017800','서울특별시','종로구','송월동'),('1111017900','서울특별시','종로구','홍파동'),('1111018000','서울특별시','종로구','교북동'),('1111018100','서울특별시','종로구','행촌동'),('1111018200','서울특별시','종로구','구기동'),('1111018300','서울특별시','종로구','평창동'),('1111018400','서울특별시','종로구','부암동'),('1111018500','서울특별시','종로구','홍지동'),('1111018600','서울특별시','종로구','신영동'),('1111018700','서울특별시','종로구','무악동'),('1114010100','서울특별시','중구','무교동'),('1114010200','서울특별시','중구','다동'),('1114010300','서울특별시','중구','태평로1가'),('1114010400','서울특별시','중구','을지로1가'),('1114010500','서울특별시','중구','을지로2가'),('1114010600','서울특별시','중구','남대문로1가'),('1114010700','서울특별시','중구','삼각동'),('1114010800','서울특별시','중구','수하동'),('1114010900','서울특별시','중구','장교동'),('1114011000','서울특별시','중구','수표동'),('1114011100','서울특별시','중구','소공동'),('1114011200','서울특별시','중구','남창동'),('1114011300','서울특별시','중구','북창동'),('1114011400','서울특별시','중구','태평로2가'),('1114011500','서울특별시','중구','남대문로2가'),('1114011600','서울특별시','중구','남대문로3가'),('1114011700','서울특별시','중구','남대문로4가'),('1114011800','서울특별시','중구','남대문로5가'),('1114011900','서울특별시','중구','봉래동1가'),('1114012000','서울특별시','중구','봉래동2가'),('1114012100','서울특별시','중구','회현동1가'),('1114012200','서울특별시','중구','회현동2가'),('1114012300','서울특별시','중구','회현동3가'),('1114012400','서울특별시','중구','충무로1가'),('1114012500','서울특별시','중구','충무로2가'),('1114012600','서울특별시','중구','명동1가'),('1114012700','서울특별시','중구','명동2가'),('1114012800','서울특별시','중구','남산동1가'),('1114012900','서울특별시','중구','남산동2가'),('1114013000','서울특별시','중구','남산동3가'),('1114013100','서울특별시','중구','저동1가'),('1114013200','서울특별시','중구','충무로4가'),('1114013300','서울특별시','중구','충무로5가'),('1114013400','서울특별시','중구','인현동2가'),('1114013500','서울특별시','중구','예관동'),('1114013600','서울특별시','중구','묵정동'),('1114013700','서울특별시','중구','필동1가'),('1114013800','서울특별시','중구','필동2가'),('1114013900','서울특별시','중구','필동3가'),('1114014000','서울특별시','중구','남학동'),('1114014100','서울특별시','중구','주자동'),('1114014200','서울특별시','중구','예장동'),('1114014300','서울특별시','중구','장충동1가'),('1114014400','서울특별시','중구','장충동2가'),('1114014500','서울특별시','중구','광희동1가'),('1114014600','서울특별시','중구','광희동2가'),('1114014700','서울특별시','중구','쌍림동'),('1114014800','서울특별시','중구','을지로6가'),('1114014900','서울특별시','중구','을지로7가'),('1114015000','서울특별시','중구','을지로4가'),('1114015100','서울특별시','중구','을지로5가'),('1114015200','서울특별시','중구','주교동'),('1114015300','서울특별시','중구','방산동'),('1114015400','서울특별시','중구','오장동'),('1114015500','서울특별시','중구','을지로3가'),('1114015600','서울특별시','중구','입정동'),('1114015700','서울특별시','중구','산림동'),('1114015800','서울특별시','중구','충무로3가'),('1114015900','서울특별시','중구','초동'),('1114016000','서울특별시','중구','인현동1가'),('1114016100','서울특별시','중구','저동2가'),('1114016200','서울특별시','중구','신당동'),('1114016300','서울특별시','중구','흥인동'),('1114016400','서울특별시','중구','무학동'),('1114016500','서울특별시','중구','황학동'),('1114016600','서울특별시','중구','서소문동'),('1114016700','서울특별시','중구','정동'),('1114016800','서울특별시','중구','순화동'),('1114016900','서울특별시','중구','의주로1가'),('1114017000','서울특별시','중구','충정로1가'),('1114017100','서울특별시','중구','중림동'),('1114017200','서울특별시','중구','의주로2가'),('1114017300','서울특별시','중구','만리동1가'),('1114017400','서울특별시','중구','만리동2가'),('1117010100','서울특별시','용산구','후암동'),('1117010200','서울특별시','용산구','용산동2가'),('1117010300','서울특별시','용산구','용산동4가'),('1117010400','서울특별시','용산구','갈월동'),('1117010500','서울특별시','용산구','남영동'),('1117010600','서울특별시','용산구','용산동1가'),('1117010700','서울특별시','용산구','동자동'),('1117010800','서울특별시','용산구','서계동'),('1117010900','서울특별시','용산구','청파동1가'),('1117011000','서울특별시','용산구','청파동2가'),('1117011100','서울특별시','용산구','청파동3가'),('1117011200','서울특별시','용산구','원효로1가'),('1117011300','서울특별시','용산구','원효로2가'),('1117011400','서울특별시','용산구','신창동'),('1117011500','서울특별시','용산구','산천동'),('1117011600','서울특별시','용산구','청암동'),('1117011700','서울특별시','용산구','원효로3가'),('1117011800','서울특별시','용산구','원효로4가'),('1117011900','서울특별시','용산구','효창동'),('1117012000','서울특별시','용산구','도원동'),('1117012100','서울특별시','용산구','용문동'),('1117012200','서울특별시','용산구','문배동'),('1117012300','서울특별시','용산구','신계동'),('1117012400','서울특별시','용산구','한강로1가'),('1117012500','서울특별시','용산구','한강로2가'),('1117012600','서울특별시','용산구','용산동3가'),('1117012700','서울특별시','용산구','용산동5가'),('1117012800','서울특별시','용산구','한강로3가'),('1117012900','서울특별시','용산구','이촌동'),('1117013000','서울특별시','용산구','이태원동'),('1117013100','서울특별시','용산구','한남동'),('1117013200','서울특별시','용산구','동빙고동'),('1117013300','서울특별시','용산구','서빙고동'),('1117013400','서울특별시','용산구','주성동'),('1117013500','서울특별시','용산구','용산동6가'),('1117013600','서울특별시','용산구','보광동'),('1120010100','서울특별시','성동구','상왕십리동'),('1120010200','서울특별시','성동구','하왕십리동'),('1120010300','서울특별시','성동구','홍익동'),('1120010400','서울특별시','성동구','도선동'),('1120010500','서울특별시','성동구','마장동'),('1120010600','서울특별시','성동구','사근동'),('1120010700','서울특별시','성동구','행당동'),('1120010800','서울특별시','성동구','응봉동'),('1120010900','서울특별시','성동구','금호동1가'),('1120011000','서울특별시','성동구','금호동2가'),('1120011100','서울특별시','성동구','금호동3가'),('1120011200','서울특별시','성동구','금호동4가'),('1120011300','서울특별시','성동구','옥수동'),('1120011400','서울특별시','성동구','성수동1가'),('1120011500','서울특별시','성동구','성수동2가'),('1120011800','서울특별시','성동구','송정동'),('1120012200','서울특별시','성동구','용답동'),('1121510100','서울특별시','광진구','중곡동'),('1121510200','서울특별시','광진구','능동'),('1121510300','서울특별시','광진구','구의동'),('1121510400','서울특별시','광진구','광장동'),('1121510500','서울특별시','광진구','자양동'),('1121510700','서울특별시','광진구','화양동'),('1121510900','서울특별시','광진구','군자동'),('1123010100','서울특별시','동대문구','신설동'),('1123010200','서울특별시','동대문구','용두동'),('1123010300','서울특별시','동대문구','제기동'),('1123010400','서울특별시','동대문구','전농동'),('1123010500','서울특별시','동대문구','답십리동'),('1123010600','서울특별시','동대문구','장안동'),('1123010700','서울특별시','동대문구','청량리동'),('1123010800','서울특별시','동대문구','회기동'),('1123010900','서울특별시','동대문구','휘경동'),('1123011000','서울특별시','동대문구','이문동'),('1126010100','서울특별시','중랑구','면목동'),('1126010200','서울특별시','중랑구','상봉동'),('1126010300','서울특별시','중랑구','중화동'),('1126010400','서울특별시','중랑구','묵동'),('1126010500','서울특별시','중랑구','망우동'),('1126010600','서울특별시','중랑구','신내동'),('1129010100','서울특별시','성북구','성북동'),('1129010200','서울특별시','성북구','성북동1가'),('1129010300','서울특별시','성북구','돈암동'),('1129010400','서울특별시','성북구','동소문동1가'),('1129010500','서울특별시','성북구','동소문동2가'),('1129010600','서울특별시','성북구','동소문동3가'),('1129010700','서울특별시','성북구','동소문동4가'),('1129010800','서울특별시','성북구','동소문동5가'),('1129010900','서울특별시','성북구','동소문동6가'),('1129011000','서울특별시','성북구','동소문동7가'),('1129011100','서울특별시','성북구','삼선동1가'),('1129011200','서울특별시','성북구','삼선동2가'),('1129011300','서울특별시','성북구','삼선동3가'),('1129011400','서울특별시','성북구','삼선동4가'),('1129011500','서울특별시','성북구','삼선동5가'),('1129011600','서울특별시','성북구','동선동1가'),('1129011700','서울특별시','성북구','동선동2가'),('1129011800','서울특별시','성북구','동선동3가'),('1129011900','서울특별시','성북구','동선동4가'),('1129012000','서울특별시','성북구','동선동5가'),('1129012100','서울특별시','성북구','안암동1가'),('1129012200','서울특별시','성북구','안암동2가'),('1129012300','서울특별시','성북구','안암동3가'),('1129012400','서울특별시','성북구','안암동4가'),('1129012500','서울특별시','성북구','안암동5가'),('1129012600','서울특별시','성북구','보문동4가'),('1129012700','서울특별시','성북구','보문동5가'),('1129012800','서울특별시','성북구','보문동6가'),('1129012900','서울특별시','성북구','보문동7가'),('1129013000','서울특별시','성북구','보문동1가'),('1129013100','서울특별시','성북구','보문동2가'),('1129013200','서울특별시','성북구','보문동3가'),('1129013300','서울특별시','성북구','정릉동'),('1129013400','서울특별시','성북구','길음동'),('1129013500','서울특별시','성북구','종암동'),('1129013600','서울특별시','성북구','하월곡동'),('1129013700','서울특별시','성북구','상월곡동'),('1129013800','서울특별시','성북구','장위동'),('1129013900','서울특별시','성북구','석관동'),('1130510100','서울특별시','강북구','미아동'),('1130510200','서울특별시','강북구','번동'),('1130510300','서울특별시','강북구','수유동'),('1130510400','서울특별시','강북구','우이동'),('1132010500','서울특별시','도봉구','쌍문동'),('1132010600','서울특별시','도봉구','방학동'),('1132010700','서울특별시','도봉구','창동'),('1132010800','서울특별시','도봉구','도봉동'),('1135010200','서울특별시','노원구','월계동'),('1135010300','서울특별시','노원구','공릉동'),('1135010400','서울특별시','노원구','하계동'),('1135010500','서울특별시','노원구','상계동'),('1135010600','서울특별시','노원구','중계동'),('1138010100','서울특별시','은평구','수색동'),('1138010200','서울특별시','은평구','녹번동'),('1138010300','서울특별시','은평구','불광동'),('1138010400','서울특별시','은평구','갈현동'),('1138010500','서울특별시','은평구','구산동'),('1138010600','서울특별시','은평구','대조동'),('1138010700','서울특별시','은평구','응암동'),('1138010800','서울특별시','은평구','역촌동'),('1138010900','서울특별시','은평구','신사동'),('1138011000','서울특별시','은평구','증산동'),('1138011400','서울특별시','은평구','진관동'),('1141010100','서울특별시','서대문구','충정로2가'),('1141010200','서울특별시','서대문구','충정로3가'),('1141010300','서울특별시','서대문구','합동'),('1141010400','서울특별시','서대문구','미근동'),('1141010500','서울특별시','서대문구','냉천동'),('1141010600','서울특별시','서대문구','천연동'),('1141010700','서울특별시','서대문구','옥천동'),('1141010800','서울특별시','서대문구','영천동'),('1141010900','서울특별시','서대문구','현저동'),('1141011000','서울특별시','서대문구','북아현동'),('1141011100','서울특별시','서대문구','홍제동'),('1141011200','서울특별시','서대문구','대현동'),('1141011300','서울특별시','서대문구','대신동'),('1141011400','서울특별시','서대문구','신촌동'),('1141011500','서울특별시','서대문구','봉원동'),('1141011600','서울특별시','서대문구','창천동'),('1141011700','서울특별시','서대문구','연희동'),('1141011800','서울특별시','서대문구','홍은동'),('1141011900','서울특별시','서대문구','북가좌동'),('1141012000','서울특별시','서대문구','남가좌동'),('1144010100','서울특별시','마포구','아현동'),('1144010200','서울특별시','마포구','공덕동'),('1144010300','서울특별시','마포구','신공덕동'),('1144010400','서울특별시','마포구','도화동'),('1144010500','서울특별시','마포구','용강동'),('1144010600','서울특별시','마포구','토정동'),('1144010700','서울특별시','마포구','마포동'),('1144010800','서울특별시','마포구','대흥동'),('1144010900','서울특별시','마포구','염리동'),('1144011000','서울특별시','마포구','노고산동'),('1144011100','서울특별시','마포구','신수동'),('1144011200','서울특별시','마포구','현석동'),('1144011300','서울특별시','마포구','구수동'),('1144011400','서울특별시','마포구','창전동'),('1144011500','서울특별시','마포구','상수동'),('1144011600','서울특별시','마포구','하중동'),('1144011700','서울특별시','마포구','신정동'),('1144011800','서울특별시','마포구','당인동'),('1144012000','서울특별시','마포구','서교동'),('1144012100','서울특별시','마포구','동교동'),('1144012200','서울특별시','마포구','합정동'),('1144012300','서울특별시','마포구','망원동'),('1144012400','서울특별시','마포구','연남동'),('1144012500','서울특별시','마포구','성산동'),('1144012600','서울특별시','마포구','중동'),('1144012700','서울특별시','마포구','상암동'),('1147010100','서울특별시','양천구','신정동'),('1147010200','서울특별시','양천구','목동'),('1147010300','서울특별시','양천구','신월동'),('1150010100','서울특별시','강서구','염창동'),('1150010200','서울특별시','강서구','등촌동'),('1150010300','서울특별시','강서구','화곡동'),('1150010400','서울특별시','강서구','가양동'),('1150010500','서울특별시','강서구','마곡동'),('1150010600','서울특별시','강서구','내발산동'),('1150010700','서울특별시','강서구','외발산동'),('1150010800','서울특별시','강서구','공항동'),('1150010900','서울특별시','강서구','방화동'),('1150011000','서울특별시','강서구','개화동'),('1150011100','서울특별시','강서구','과해동'),('1150011200','서울특별시','강서구','오곡동'),('1150011300','서울특별시','강서구','오쇠동'),('1153010100','서울특별시','구로구','신도림동'),('1153010200','서울특별시','구로구','구로동'),('1153010300','서울특별시','구로구','가리봉동'),('1153010600','서울특별시','구로구','고척동'),('1153010700','서울특별시','구로구','개봉동'),('1153010800','서울특별시','구로구','오류동'),('1153010900','서울특별시','구로구','궁동'),('1153011000','서울특별시','구로구','온수동'),('1153011100','서울특별시','구로구','천왕동'),('1153011200','서울특별시','구로구','항동'),('1154510100','서울특별시','금천구','가산동'),('1154510200','서울특별시','금천구','독산동'),('1154510300','서울특별시','금천구','시흥동'),('1156010100','서울특별시','영등포구','영등포동'),('1156010200','서울특별시','영등포구','영등포동1가'),('1156010300','서울특별시','영등포구','영등포동2가'),('1156010400','서울특별시','영등포구','영등포동3가'),('1156010500','서울특별시','영등포구','영등포동4가'),('1156010600','서울특별시','영등포구','영등포동5가'),('1156010700','서울특별시','영등포구','영등포동6가'),('1156010800','서울특별시','영등포구','영등포동7가'),('1156010900','서울특별시','영등포구','영등포동8가'),('1156011000','서울특별시','영등포구','여의도동'),('1156011100','서울특별시','영등포구','당산동1가'),('1156011200','서울특별시','영등포구','당산동2가'),('1156011300','서울특별시','영등포구','당산동3가'),('1156011400','서울특별시','영등포구','당산동4가'),('1156011500','서울특별시','영등포구','당산동5가'),('1156011600','서울특별시','영등포구','당산동6가'),('1156011700','서울특별시','영등포구','당산동'),('1156011800','서울특별시','영등포구','도림동'),('1156011900','서울특별시','영등포구','문래동1가'),('1156012000','서울특별시','영등포구','문래동2가'),('1156012100','서울특별시','영등포구','문래동3가'),('1156012200','서울특별시','영등포구','문래동4가'),('1156012300','서울특별시','영등포구','문래동5가'),('1156012400','서울특별시','영등포구','문래동6가'),('1156012500','서울특별시','영등포구','양평동1가'),('1156012600','서울특별시','영등포구','양평동2가'),('1156012700','서울특별시','영등포구','양평동3가'),('1156012800','서울특별시','영등포구','양평동4가'),('1156012900','서울특별시','영등포구','양평동5가'),('1156013000','서울특별시','영등포구','양평동6가'),('1156013100','서울특별시','영등포구','양화동'),('1156013200','서울특별시','영등포구','신길동'),('1156013300','서울특별시','영등포구','대림동'),('1156013400','서울특별시','영등포구','양평동'),('1159010100','서울특별시','동작구','노량진동'),('1159010200','서울특별시','동작구','상도동'),('1159010300','서울특별시','동작구','상도1동'),('1159010400','서울특별시','동작구','본동'),('1159010500','서울특별시','동작구','흑석동'),('1159010600','서울특별시','동작구','동작동'),('1159010700','서울특별시','동작구','사당동'),('1159010800','서울특별시','동작구','대방동'),('1159010900','서울특별시','동작구','신대방동'),('1162010100','서울특별시','관악구','봉천동'),('1162010200','서울특별시','관악구','신림동'),('1162010300','서울특별시','관악구','남현동'),('1165010100','서울특별시','서초구','방배동'),('1165010200','서울특별시','서초구','양재동'),('1165010300','서울특별시','서초구','우면동'),('1165010400','서울특별시','서초구','원지동'),('1165010600','서울특별시','서초구','잠원동'),('1165010700','서울특별시','서초구','반포동'),('1165010800','서울특별시','서초구','서초동'),('1165010900','서울특별시','서초구','내곡동'),('1165011000','서울특별시','서초구','염곡동'),('1165011100','서울특별시','서초구','신원동'),('1168010100','서울특별시','강남구','역삼동'),('1168010300','서울특별시','강남구','개포동'),('1168010400','서울특별시','강남구','청담동'),('1168010500','서울특별시','강남구','삼성동'),('1168010600','서울특별시','강남구','대치동'),('1168010700','서울특별시','강남구','신사동'),('1168010800','서울특별시','강남구','논현동'),('1168011000','서울특별시','강남구','압구정동'),('1168011100','서울특별시','강남구','세곡동'),('1168011200','서울특별시','강남구','자곡동'),('1168011300','서울특별시','강남구','율현동'),('1168011400','서울특별시','강남구','일원동'),('1168011500','서울특별시','강남구','수서동'),('1168011800','서울특별시','강남구','도곡동'),('1171010100','서울특별시','송파구','잠실동'),('1171010200','서울특별시','송파구','신천동'),('1171010300','서울특별시','송파구','풍납동'),('1171010400','서울특별시','송파구','송파동'),('1171010500','서울특별시','송파구','석촌동'),('1171010600','서울특별시','송파구','삼전동'),('1171010700','서울특별시','송파구','가락동'),('1171010800','서울특별시','송파구','문정동'),('1171010900','서울특별시','송파구','장지동'),('1171011100','서울특별시','송파구','방이동'),('1171011200','서울특별시','송파구','오금동'),('1171011300','서울특별시','송파구','거여동'),('1171011400','서울특별시','송파구','마천동'),('1174010100','서울특별시','강동구','명일동'),('1174010200','서울특별시','강동구','고덕동'),('1174010300','서울특별시','강동구','상일동'),('1174010500','서울특별시','강동구','길동'),('1174010600','서울특별시','강동구','둔촌동'),('1174010700','서울특별시','강동구','암사동'),('1174010800','서울특별시','강동구','성내동'),('1174010900','서울특별시','강동구','천호동'),('1174011000','서울특별시','강동구','강일동');
INSERT INTO `dong` VALUES ('3020011100','대전광역시','유성구','봉명동');
-- 유저 관심 지역 데이터 --
INSERT INTO user_dong(USER_DONG_ID, USER_ID, DONG_CODE) VALUES (1, 'ssafy', '1168010100'), (2, 'ssafy', '3020011100'); -- 역삼동, 봉명동

-- 집 데이터 & 매물 데이터 --
INSERT INTO houseinfo VALUES (1, '청운현대', '아파트', '1111010100', '청운동', '2000', '56-45', '37.5861486417138', '126.966930414705',  null);
INSERT INTO housedeal VALUES (1, 1, 84, 3, '매매', null, 895000000, 0), (2, 1, 84, 3, '월세', 100000000, 2000000, 0), (3, 1, 84, 3, '월세', 100000000, 2000000, 0), (4, 1, 84, 5, '전세', null, 370000000, 0);

INSERT INTO houseinfo VALUES (2, '신현', '아파트', '1111010200', '신교동', '2002', '6-13', '37.5835572149053', '126.967944956519', null);
INSERT INTO housedeal VALUES (5, 2, 96, 1, '매매', null, 800000000, 0), (6, 2, 96, 1, '전세', null, 500000000, 0);

INSERT INTO houseinfo VALUES (3, '효자', '아파트', '1111010800', '통인동', '1999', '5-1', '37.5808974648923', '126.97065027554', null);
INSERT INTO housedeal VALUES (7, 3, 61, 3, '매매', null, 320000000, 0);

INSERT INTO houseinfo VALUES (4, '세종', '아파트', '1111011100', '옥인동', '2005', '56', '37.5821034834966', '126.967693226501', null);
INSERT INTO housedeal VALUES (8, 4, 196, 5, '매매', null, 935000000, 0), (9, 4, 196, 2, '전세', null, 520000000, 0);

INSERT INTO houseinfo VALUES (5, '두레엘리시안', '아파트', '1111011300', '필운동', '2007', '174-1', '37.5782404703032', '126.969724485856', null);
INSERT INTO housedeal VALUES (10, 5, 100, 4, '매매', null, 732000000, 0), (11, 5, 100, 2, '전세', null, 600000000, 0);

INSERT INTO houseinfo VALUES (6, '신동아블루아광화문의꿈', '아파트', '1111011300', '필운동', '2007', '254', '37.5757843376838', '126.969990717539', null);
INSERT INTO housedeal VALUES (12, 6, 108, 7, '매매', null, 960000000, 0), (13, 6, 111, 6, '매매', null, 1000000000, 0), (14, 6, 107, 6, '전세', null, 756000000, 0), (15, 6, 107, 11, '전세', null, 870000000, 0), (16, 6, 107, 7, '전세', null, 710000000, 0);

INSERT INTO houseinfo VALUES (7, '광화문풍림스페이스본', '아파트', '1111011500', '사직동', '2008', '254', '37.5757843376838', '126.969990717539', null);
INSERT INTO housedeal VALUES (17, 7, 95, 5, '매매', null, 1300000000, 0), (18, 7, 95, 5, '전세', null, 1000000000, 0), (19, 7, 95, 1, '월세', 420000000, 840000, 0);

INSERT INTO houseinfo VALUES (8, '롯데미도파', '아파트', '1111011700', '당주동', '1981', '145', '37.5713864751051', '126.973698680555', null);
INSERT INTO housedeal VALUES (20, 8, 65, 7, '매매', null, 420000000, 0), (21, 8, 65, 9, '전세', null, 2800000000, 0);

INSERT INTO houseinfo VALUES (9, '세종', '아파트', '1111011700', '당주동', '1983', '100', '37.5718394925759', '126.973284555591', null);
INSERT INTO housedeal VALUES (22, 9, 91, 9, '매매', null, 620000000, 0), (23, 9, 105, 6, '전세', null, 6000000000, 0), (24, 9, 105, 6, '월세', 2000000000, 1750000, 0);

INSERT INTO houseinfo VALUES (10, '옥인동 47-393', '원룸', '1111011100', '옥인동', '2021', '47-393', '37.58359255369813', '126.96671451044625', null);
INSERT INTO housedeal VALUES (25, 10, 25, 1, '월세', 50000000, 600000, 0);

INSERT INTO houseinfo VALUES (11, '옥인동 84', '원룸', '1111011100', '옥인동', '1995', '84', '37.58128275005806', '126.96795634724616', null);
INSERT INTO housedeal VALUES (26, 11, 25, 1, '전세', null, 90000000, 0);

INSERT INTO houseinfo VALUES (12, '강남센트럴아이파크', '아파트', '1168010100', '역삼동', '2022', '902', '37.50120099534768', '127.04571155583824', 'true');
INSERT INTO housedeal VALUES (27, 12, 85, 10, '월세', 1200000000, 1500000, 0), (28, 12, 85, 3, '전세', null, 1600000000, 0);

INSERT INTO houseinfo VALUES (13, '개나리래미안', '아파트', '1168010100', '역삼동', '2006', '754', '37.49855897280108', '127.0464110874139', 'true');
INSERT INTO housedeal VALUES (29, 13, 85, 11, '전세', null, 1310000000, 0), (30, 13, 85, 15, '월세', 400000000, 3700000, 0), (31, 13, 85, 13, '매매', null, 2300000000, 0);

INSERT INTO houseinfo VALUES (14, '개나리푸르지오', '아파트', '1168010100', '역삼동', '2006', '755-1', '37.499718016174846', '127.04997185232807', null);
INSERT INTO housedeal VALUES (32, 14, 85, 6, '전세', null, 1210000000, 0), (33, 14, 85, 6, '월세', 800000000, 2250000, 0), (34, 13, 85, 13, '매매', null, 2230000000, 0);

INSERT INTO houseinfo VALUES (15, '강남역두산위브센티움', '원룸', '1168010100', '역삼동', '2005', '823-26', '37.498649996164396', '127.03293110441372', 'true');
INSERT INTO housedeal VALUES (35, 15, 28, 11, '전세', null, 250000000, 0), (36, 15, 28, 7, '월세', 10000000, 850000, 0), (37, 15, 28, 6, '매매', null, 228000000, 0);

INSERT INTO houseinfo VALUES (16, '역삼마에스트로', '원룸', '1168010100', '역삼동', '2012', '755-4', '37.5032537260005', '127.04008974773988', 'true');
INSERT INTO housedeal VALUES (38, 16, 18, 10, '전세', null, 160000000, 0), (39, 16, 18, 5, '월세', 50000000, 450000, 0);

INSERT INTO houseinfo VALUES (17, '역삼e-편한세상', '아파트', '1168010100', '역삼동', '2012', '677-4', '37.49877380404848', '127.04987170588204', 'true');
INSERT INTO housedeal VALUES (40, 17, 59, 12, '매매', null, 2050000000, 9), (41, 17, 59, 2, '전세', null, 1065000000, 0), (42, 17, 59, 10, '월세', 500000000, 1500000, 0);

INSERT INTO houseinfo VALUES (18, '레미안그레이튼', '아파트', '1168010100', '역삼동', '2009', '763-16', '37.49649677730412', '127.0481422631032', 'true');
INSERT INTO housedeal VALUES (43, 18, 84, 12, '매매', null, 2545000000, 0), (44, 18, 84, 9, '전세', null, 1200000000, 10), (45, 18, 84, 15, '월세', 800000000, 2250000, 0);

INSERT INTO houseinfo VALUES (19, '역삼푸르지오', '아파트', '1168010100', '역삼동', '2006', '754-1', '37.497747922788704', '127.04677698480498', 'true');
INSERT INTO housedeal VALUES (46, 19, 79, 11, '매매', null, 1950000000, 1), (47, 19, 79, 8, '전세', null, 960000000, 0), (48, 19, 79, 23, '월세', 300000000, 1800000, 0);

INSERT INTO houseinfo VALUES (20, '역삼자이', '아파트', '1168010100', '역삼동', '2016', '711-3', '37.500437412204775', '127.04448066818728', 'true');
INSERT INTO housedeal VALUES (49, 20, 115, 20, '매매', null, 2250000000, 0), (50, 20, 115, 13, '전세', null, 1480000000, 0), (51, 20, 115, 6, '월세', 1020000000, 1300000, 0);

INSERT INTO houseinfo VALUES (21, '역삼아이파크', '아파트', '1168010100', '역삼동', '2016', '713-11', '37.499308853388364', '127.04578730261804', 'true');
INSERT INTO housedeal VALUES (52, 21, 36, 4, '매매', null, 850000000, 0), (53, 21, 36, 2, '전세', null, 380000000, 0), (54, 21, 36, 6, '월세', 100000000, 1200000, 8);

INSERT INTO houseinfo VALUES (22, '강남센트럴아이파크', '아파트', '1168010100', '역삼동', '2022', '902', '37.50120099534768', '127.04571155583824', 'true');
INSERT INTO housedeal VALUES (55, 22, 110, 3, '전세', null, 1600000000, 0), (56, 22, 110, 10, '월세', 1200000000, 1500000, 0);

INSERT INTO houseinfo VALUES (23, '동부센트레빌', '아파트', '1168010100', '역삼동', '1998', '716', '37.502439313692385', '127.04935391472101', 'true');
INSERT INTO housedeal VALUES (57, 23, 77, 4, '매매', null, 1495000000, 0), (58, 23, 77, 2, '전세', null, 640000000, 0), (59, 23, 77, 2, '월세', 30000000, 2000000, 0);

INSERT INTO houseinfo VALUES (24, '목화밀라트', '원룸', '1168010100', '역삼동', '2004', '822-7', '37.49897165364221', '127.02952955663837', 'true');
INSERT INTO housedeal VALUES (60, 24, 27, 19, '전세', null, 320000000, 0), (61, 24, 31, 17, '월세', 10000000, 1050000, 7);

INSERT INTO houseinfo VALUES (25, '역삼역센트럴푸르지오시티', '원룸', '1168010100', '역삼동', '2019', '719-24', '37.50085688277374', '127.04058154259377', 'true');
INSERT INTO housedeal VALUES (62, 25, 42, 4, '전세', null, 200000000, 6), (63, 25, 42, 4, '월세', 160000000, 200000, 0);

INSERT INTO houseinfo VALUES (26, '대우디오빌플러스', '원룸', '1168010100', '역삼동', '2004', '824-25', '37.49758369883423', '127.03110769028793', 'true');
INSERT INTO housedeal VALUES (64, 26, 54, 4, '전세', null, 260000000, 5), (65, 26, 54, 11, '월세', 10000000, 890000, 0), (66, 26, 59, 12, '매매', null, 2845, 0);

INSERT INTO houseinfo VALUES (27, '유성세움펠리피아', '아파트', '3020011100', '봉명동', '2014', '466-2', '36.35447597184181', '127.33684120906747', 'true');
INSERT INTO housedeal VALUES (67, 27, 76, 9, '매매', null, 210000000, 4), (68, 27, 76, 11, '전세', null, 180000000, 0), (69, 27, 76, 15, '월세', 60000000, 500000, 0);

INSERT INTO houseinfo VALUES (28, '엔터팰리스1차', '아파트', '3020011100', '봉명동', '2019', '607-4', '36.35766494637946', '127.3423320651459', 'true');
INSERT INTO housedeal VALUES (70, 28, 38, 13, '매매', null, 106000000, 0), (71, 28, 38, 11, '전세', null, 88000000, 0), (72, 28, 38, 7, '전세', 10000000, 420000, 3);

INSERT INTO houseinfo VALUES (29, '사이언스타운', '아파트', '3020011100', '봉명동', '2013', '549-1', '36.35452310848914', '127.3443325929332', 'true');
INSERT INTO housedeal VALUES (73, 29, 112, 31, '매매', null, 450000000, 2), (74, 29, 112, 33, '전세', null, 310000000, 0);

-- 유저가 찜한 매물 데이터 --
INSERT INTO user_deal VALUES (1, 'ssafy', 62), (2, 'ssafy', 70);
